{"Manufacturers":[{"Id":1,"Name":null,"Description":"Desc - Mitutoyo","Categories":[{"Id":6,"Name":"Dial Indicators","Description":"Desc - 15","ProductTypes":[{"Id":1,"Name":null,"Description":"Desc - 0"},{"Id":163,"Name":"Dial Indicators","Description":"Desc - 178"},{"Id":164,"Name":"Dial Indicator (Standard Type, 0.001 & 0.005mm Graduation) ","Description":"Desc - 180"},{"Id":165,"Name":"Dial Indicator (Standard Type, Inch Reading)","Description":"Desc - 182"},{"Id":166,"Name":"Dial Indicator (Standard One Revolution Type for Error-free Reading) ","Description":"Desc - 183"},{"Id":167,"Name":"Dial Indicator (Standard One Revolution Type for Error-free Reading,Waterproof Type) ","Description":"Desc - 184"},{"Id":168,"Name":"Dial Indicator (Standard One Revolution Type for Error-free Reading,Lightweight Type) ","Description":"Desc - 185"},{"Id":169,"Name":"Dial Indicator (Long Stroke Type) ","Description":"Desc - 186"},{"Id":170,"Name":"Dial Indicator (Compact Type, Small Diameter) ","Description":"Desc - 187"},{"Id":171,"Name":"Dial Indicator (Compact One Revolution Type for Error-free Reading)","Description":"Desc - 189"},{"Id":172,"Name":"Dial Indicator (Long Stroke Type, large Diameter) ","Description":"Desc - 190"},{"Id":173,"Name":"ANSI/AGD Type Metric Dial Indicator ","Description":"Desc - 191"},{"Id":174,"Name":"Dial Indicator (Special Dial Indicators) ","Description":"Desc - 192"},{"Id":175,"Name":"Back Plunger Type Dial Indicator","Description":"Desc - 193"}]},{"Id":11,"Name":"Micrometers","Description":"Desc - 1","ProductTypes":[{"Id":1,"Name":null,"Description":"Desc - 0"},{"Id":2,"Name":"High-Accuracy Digimatic Micrometer","Description":"Desc - 1"},{"Id":3,"Name":"QuantuMike ","Description":"Desc - 2"},{"Id":4,"Name":"Coolant Proof Micrometers","Description":"Desc - 3"},{"Id":5,"Name":"Digimatic Outside Micrometers","Description":"Desc - 4"},{"Id":6,"Name":"Quickmike","Description":"Desc - 5"},{"Id":7,"Name":"Absolute Digimatic Micrometers","Description":"Desc - 6"},{"Id":8,"Name":"Outside Micrometers","Description":"Desc - 7"},{"Id":9,"Name":"Ratchet Thimble Micrometers","Description":"Desc - 8"},{"Id":10,"Name":"Digit Outside Micrometers","Description":"Desc - 10"},{"Id":11,"Name":"Digimatic straight line micrometer outside micrometer ","Description":"Desc - 11"},{"Id":12,"Name":"Indicator Type Micrometers ","Description":"Desc - 12"},{"Id":13,"Name":"Outside Micrometers with Interchangeable Anvils ","Description":"Desc - 13"},{"Id":14,"Name":"Outside Micrometers with Anvil Extension Collars ","Description":"Desc - 14"},{"Id":15,"Name":"Caliper Type Micrometers ","Description":"Desc - 15"},{"Id":16,"Name":"Screw Thread Micrometers","Description":"Desc - 16"},{"Id":17,"Name":"Universal Micrometers ","Description":"Desc - 17"},{"Id":18,"Name":"3-Wire Units","Description":"Desc - 18"},{"Id":19,"Name":"Paper Thickness Micrometers ","Description":"Desc - 19"},{"Id":20,"Name":"Disk Micrometers ","Description":"Desc - 20"},{"Id":21,"Name":"Gear Tooth Micrometers ","Description":"Desc - 21"},{"Id":22,"Name":"Disk Micrometers Non-Rotating Spindle Type ","Description":"Desc - 22"},{"Id":23,"Name":"Sheet Metal Micrometers ","Description":"Desc - 23"},{"Id":24,"Name":"Tube Micrometers ","Description":"Desc - 24"},{"Id":25,"Name":"Spline Micrometers ","Description":"Desc - 25"},{"Id":26,"Name":"Point Micrometers ","Description":"Desc - 26"},{"Id":27,"Name":"V-Anvil Micrometers ","Description":"Desc - 27"},{"Id":28,"Name":"Blade micrometers ","Description":"Desc - 28"},{"Id":29,"Name":"Can Seam Micrometers ","Description":"Desc - 29"},{"Id":30,"Name":"Hub Micrometers / Wire Micrometers","Description":"Desc - 30"},{"Id":31,"Name":"Crimp Height Micrometers ","Description":"Desc - 31"},{"Id":32,"Name":"\"Uni-Mike\" ","Description":"Desc - 32"},{"Id":33,"Name":"Limit Micrometers","Description":"Desc - 33"},{"Id":34,"Name":"Indicating Micrometers ","Description":"Desc - 34"},{"Id":35,"Name":"Dial Snap Meters ","Description":"Desc - 35"},{"Id":36,"Name":"Snap Meters ","Description":"Desc - 36"},{"Id":37,"Name":"Groove Micrometers ","Description":"Desc - 37"},{"Id":38,"Name":"Quick-Mini","Description":"Desc - 38"},{"Id":39,"Name":"Small Hole Gage Set / Telescoping Gage Set ","Description":"Desc - 39"},{"Id":40,"Name":"Setting Standards for Outside Micrometers ","Description":"Desc - 40"},{"Id":41,"Name":"Setting Standards for Screw Thread Micrometers ","Description":"Desc - 41"},{"Id":42,"Name":"Setting Standards for V-Anvil Micrometers ","Description":"Desc - 42"},{"Id":43,"Name":"Optical Parallels / Optical Flats ","Description":"Desc - 43"},{"Id":44,"Name":"Spindle Attachment Tips / Micrometer Oil ","Description":"Desc - 44"},{"Id":45,"Name":"Micrometer Stands ","Description":"Desc - 45"}]},{"Id":1,"Name":"Micrometer Heads","Description":"Desc - 2","ProductTypes":[{"Id":46,"Name":"Digimatic Micrometer Heads ","Description":"Desc - 46"},{"Id":47,"Name":"Ultra-small / Small Type ","Description":"Desc - 47"},{"Id":48,"Name":"Short Body with Choice of Thimble Diameter","Description":"Desc - 48"},{"Id":49,"Name":"Small-Standard Type ","Description":"Desc - 49"},{"Id":50,"Name":"Standard Type in Small Size with Zero-adjustable Thimble ","Description":"Desc - 50"},{"Id":51,"Name":"Small Standard Type with Carbide-tipped Spindle ","Description":"Desc - 51"},{"Id":52,"Name":"Medium-sized Standard Type ","Description":"Desc - 52"},{"Id":53,"Name":"Medium-sized Standard Type with 8mm diameter spindle ","Description":"Desc - 53"},{"Id":54,"Name":"Locking-screw Type ","Description":"Desc - 54"},{"Id":55,"Name":"Non-rotating Spindle Type ","Description":"Desc - 55"},{"Id":56,"Name":"Quick Spindle Feed of 1mm/rev","Description":"Desc - 56"},{"Id":57,"Name":"Find Spindle Feed of 0.1mm/rev","Description":"Desc - 57"},{"Id":58,"Name":"Fine spindle Feed of 0.25mm/rev ","Description":"Desc - 58"},{"Id":59,"Name":"Differential Screw Translator (Extra-Fine Feed) Type ","Description":"Desc - 59"},{"Id":60,"Name":"Large Thimble Type for Fine Feed ","Description":"Desc - 60"},{"Id":61,"Name":"XY-Stage Type ","Description":"Desc - 61"},{"Id":62,"Name":"Non-rotating Spindle and Large Thimble / Fine Graduation and High Accuracy ","Description":"Desc - 62"},{"Id":63,"Name":"Digit Counter type / Micro Jack ","Description":"Desc - 63"}]},{"Id":9,"Name":"Holtest","Description":"Desc - 3","ProductTypes":[{"Id":64,"Name":"Digimatic Holtest","Description":"Desc - 65"},{"Id":65,"Name":"Holtest ","Description":"Desc - 66"},{"Id":66,"Name":"Holtest (Type II) ","Description":"Desc - 67"},{"Id":67,"Name":"ABSOLUTE Borematic ","Description":"Desc - 69"}]},{"Id":10,"Name":"Inside Micrometers","Description":"Desc - 4","ProductTypes":[{"Id":68,"Name":"Tubular Inside Micrometers (Single Rod Type) ","Description":"Desc - 70"},{"Id":69,"Name":"Tubular Inside Micrometers (Extension Rod Type) ","Description":"Desc - 71"},{"Id":70,"Name":"Tubular Inside Micrometers (Extension Pipe Type) ","Description":"Desc - 72"},{"Id":71,"Name":"Inside Micrometers (Caliper Type) ","Description":"Desc - 73"},{"Id":72,"Name":"Inside Micrometers (Interchangeable Rod Type) ","Description":"Desc - 74"},{"Id":73,"Name":"Inside Micro Checker","Description":"Desc - 75"}]},{"Id":15,"Name":"Bore Gauges","Description":"Desc - 5","ProductTypes":[{"Id":74,"Name":"Bore Gages (Extra Small Holes) ","Description":"Desc - 76"},{"Id":75,"Name":"Bore Gage Stand","Description":"Desc - 77"},{"Id":76,"Name":"Bore Gages (Small Holes) ","Description":"Desc - 78"},{"Id":77,"Name":"Bore Gages ","Description":"Desc - 79"},{"Id":78,"Name":"Bore Gages (Short Leg Type) ","Description":"Desc - 80"},{"Id":79,"Name":"Bore Gages (Micrometer Head) ","Description":"Desc - 81"},{"Id":80,"Name":"Bore Gages (Blind Holes) ","Description":"Desc - 82"},{"Id":81,"Name":"ABSOLUTE Digimatic Bore Gages ","Description":"Desc - 83"},{"Id":82,"Name":"Extension Rods","Description":"Desc - 84"},{"Id":83,"Name":"Bore Gage Checker ","Description":"Desc - 85"},{"Id":84,"Name":"Setting Rings ","Description":"Desc - 86"}]},{"Id":7,"Name":"Calipers","Description":"Desc - 6","ProductTypes":[{"Id":85,"Name":"SuperCaliper ","Description":"Desc - 87"},{"Id":86,"Name":"ABSOLUTE Coolant Proof Caliper ","Description":"Desc - 88"},{"Id":87,"Name":"ABSOLUTE Digimatic Caliper","Description":"Desc - 89"},{"Id":88,"Name":"Long ABSOLUTE Digimatic Caliper ","Description":"Desc - 90"},{"Id":89,"Name":"ABSOLUTE Solar Caliper ","Description":"Desc - 91"},{"Id":90,"Name":"Vernier Caliper ","Description":"Desc - 92"},{"Id":91,"Name":"Dial Caliper ","Description":"Desc - 94"},{"Id":92,"Name":"ABSOLUTE Coolant Proof Carbon Fiber Caliper","Description":"Desc - 95"},{"Id":93,"Name":"Vernier Caliper (Nib Style Jaws) ","Description":"Desc - 96"},{"Id":94,"Name":"Long Jaw Vernier Caliper","Description":"Desc - 97"},{"Id":95,"Name":"Offset Caliper ","Description":"Desc - 98"},{"Id":96,"Name":"Offset Centerline Caliper","Description":"Desc - 99"},{"Id":97,"Name":"ABSOLUTE Back-Jaw Centerline Caliper ","Description":"Desc - 100"},{"Id":98,"Name":"Point Caliper ","Description":"Desc - 101"},{"Id":99,"Name":"Blade Type Caliper ","Description":"Desc - 102"},{"Id":100,"Name":"ABSOLUTE Inside Caliper ","Description":"Desc - 103"},{"Id":101,"Name":"Neck Caliper ","Description":"Desc - 104"},{"Id":102,"Name":"Tube Thickness Caliper","Description":"Desc - 105"},{"Id":103,"Name":"Hook Type Vernier Caliper","Description":"Desc - 106"},{"Id":104,"Name":"Swivel Vernier Caliper ","Description":"Desc - 107"},{"Id":105,"Name":"ABSOLUTE Low Force Caliper ","Description":"Desc - 108"},{"Id":106,"Name":"ABSOLUTE Snap Caliper ","Description":"Desc - 109"}]},{"Id":16,"Name":"Height Gages","Description":"Desc - 7","ProductTypes":[{"Id":107,"Name":"Digimatic Height Gage ","Description":"Desc - 110"},{"Id":108,"Name":"ABSOLUTE Digimatic Height Gage ","Description":"Desc - 111"},{"Id":109,"Name":"Vernier Height Gage ","Description":"Desc - 112"},{"Id":110,"Name":"Dial Height Gage ","Description":"Desc - 113"},{"Id":111,"Name":"CERA Caliper Checker ","Description":"Desc - 114"},{"Id":112,"Name":"Accessories for Height Gauge","Description":"Desc - 115"},{"Id":114,"Name":"QM-Height ","Description":"Desc - 117"}]},{"Id":3,"Name":"Linear Height","Description":"Desc - 8","ProductTypes":[{"Id":113,"Name":"Linear Height ","Description":"Desc - 116"}]},{"Id":18,"Name":"Depth Gages","Description":"Desc - 9","ProductTypes":[{"Id":115,"Name":"Depth Micrometer ","Description":"Desc - 118"},{"Id":116,"Name":"Depth Micro Checker ","Description":"Desc - 119"},{"Id":117,"Name":"ABSOLUTE Digimatic Depth Gage (SERIES 571) ","Description":"Desc - 120"},{"Id":118,"Name":"Vernier Depth Gage ","Description":"Desc - 121"},{"Id":119,"Name":"Depth Gage","Description":"Desc - 122"},{"Id":120,"Name":"Dial Depth Gage (SERIES 527 - with Fine Adjustment)","Description":"Desc - 123"},{"Id":121,"Name":"Extension Bases","Description":"Desc - 124"},{"Id":122,"Name":"ABSOLUTE Digimatic Depth Gage (SERIES 547) ","Description":"Desc - 127"}]},{"Id":17,"Name":"Gauge Blocks","Description":"Desc - 10","ProductTypes":[{"Id":123,"Name":"Metric/Inch Rectangular Gauge Block Sets ","Description":"Desc - 128"},{"Id":124,"Name":"Micrometer Inspection Gauge Block Sets ","Description":"Desc - 129"},{"Id":125,"Name":"Individual Metric Rectangular Gauge Blocks ","Description":"Desc - 130"},{"Id":126,"Name":"Rectangular Gauge Block Accessories","Description":"Desc - 132"},{"Id":127,"Name":"Accessories for Gauge Blocks over 100mm","Description":"Desc - 133"},{"Id":128,"Name":"Metric/Inch Square Gauge Block Sets","Description":"Desc - 134"},{"Id":129,"Name":"Individual Metric Square Gauge Blocks ","Description":"Desc - 135"},{"Id":130,"Name":"Step Master","Description":"Desc - 138"},{"Id":131,"Name":"Automatic Gauge Block Interferometer GBI ","Description":"Desc - 139"}]},{"Id":20,"Name":"Height Master","Description":"Desc - 11","ProductTypes":[{"Id":132,"Name":"Height Master ","Description":"Desc - 144"},{"Id":134,"Name":"Check Master ","Description":"Desc - 146"},{"Id":135,"Name":"High Accuracy Check Master ","Description":"Desc - 147"}]},{"Id":13,"Name":"Reference Gages","Description":"Desc - 12","ProductTypes":[{"Id":133,"Name":"Universal Height Master ","Description":"Desc - 145"},{"Id":136,"Name":"Standard Scales ","Description":"Desc - 148"},{"Id":137,"Name":"Working Standard Scales ","Description":"Desc - 149"},{"Id":138,"Name":"CERA Straight Master","Description":"Desc - 150"},{"Id":139,"Name":"Square Master ","Description":"Desc - 152"},{"Id":140,"Name":"Combination Square Set ","Description":"Desc - 153"},{"Id":141,"Name":"Steel Rules ","Description":"Desc - 154"},{"Id":142,"Name":"Thickness Gages","Description":"Desc - 155"},{"Id":143,"Name":"Radius Gages ","Description":"Desc - 156"},{"Id":144,"Name":"Thread Pitch Gages ","Description":"Desc - 157"},{"Id":145,"Name":"Digital Universal Protractor ","Description":"Desc - 158"},{"Id":146,"Name":"Universal Bevel Protractor ","Description":"Desc - 159"},{"Id":147,"Name":"Spring Dividers and Calipers ","Description":"Desc - 161"},{"Id":148,"Name":"Precision Levels ","Description":"Desc - 162"},{"Id":149,"Name":"Bench Micrometer ","Description":"Desc - 163"},{"Id":150,"Name":"Bench Centers ","Description":"Desc - 164"}]},{"Id":14,"Name":"Granite Surface Plates","Description":"Desc - 13","ProductTypes":[{"Id":151,"Name":"Black Granite Surface Plates ","Description":"Desc - 165"}]},{"Id":4,"Name":"Digimatic Indicators","Description":"Desc - 14","ProductTypes":[{"Id":152,"Name":"ABS Solar-Powered Digimatic Indicator ID-SS ","Description":"Desc - 166"},{"Id":153,"Name":"ABS Digimatic Indicator ID-SX ","Description":"Desc - 167"},{"Id":154,"Name":"ABSOLUTE Digimatic Indicator ID-CX ","Description":"Desc - 168"},{"Id":155,"Name":"ABSOLUTE Digimatic Indicator ID-N/B ","Description":"Desc - 169"},{"Id":156,"Name":"ABSOLUTE Digimatic Indicator ID-C (Peak-Value Hold Type) ","Description":"Desc - 170"},{"Id":157,"Name":"ABSOLUTE Digimatic Indicator ID-C (Bore Gage Type) ","Description":"Desc - 171"},{"Id":158,"Name":"ABSOLUTE Digimatic Indicator ID-C (Calculation Type) ","Description":"Desc - 172"},{"Id":159,"Name":"ABSOLUTE Digimatic Indicator ID-C (Signal Output Function Type) ","Description":"Desc - 173"},{"Id":160,"Name":"ABSOLUTE Digimatic Indicator ID-U (Slim and Economical Design)","Description":"Desc - 174"},{"Id":161,"Name":"Digimatic Indicator ID-H (High Accuracy and High Functionality Type) ","Description":"Desc - 175"},{"Id":162,"Name":"ABSOLUTE Digimatic Indicator ID-F ","Description":"Desc - 176"}]},{"Id":2,"Name":"Dial Test Indicators","Description":"Desc - 16","ProductTypes":[{"Id":176,"Name":"Lever-Type Dial Indicators","Description":"Desc - 196"},{"Id":177,"Name":"Horizontal (20� Tilted Face), Vertical, and Parallel Types","Description":"Desc - 198"},{"Id":178,"Name":"Universal Type ","Description":"Desc - 199"},{"Id":179,"Name":"Pocket Type Dial Test Indicator ","Description":"Desc - 200"},{"Id":180,"Name":"i-Checker ","Description":"Desc - 203"},{"Id":181,"Name":"UDT-2 Dial Gage Tester ","Description":"Desc - 204"},{"Id":182,"Name":"Calibration Tester","Description":"Desc - 205"},{"Id":183,"Name":"Thickness Gages","Description":"Desc - 206"},{"Id":184,"Name":"Contact Force Gage ","Description":"Desc - 207"},{"Id":185,"Name":"Dial Caliper Gage ","Description":"Desc - 208"},{"Id":186,"Name":"Dial Snap Gage ","Description":"Desc - 209"}]},{"Id":19,"Name":"Stands","Description":"Desc - 17","ProductTypes":[{"Id":187,"Name":"Dial Gage Stand","Description":"Desc - 210"},{"Id":188,"Name":"Magnetic Stand","Description":"Desc - 211"},{"Id":189,"Name":"Granite Comparator Stands","Description":"Desc - 212"},{"Id":190,"Name":"Comparator Stands","Description":"Desc - 213"},{"Id":191,"Name":"Transfer Stand ","Description":"Desc - 214"},{"Id":192,"Name":"V-Block Set ","Description":"Desc - 215"}]},{"Id":12,"Name":"Surftest","Description":"Desc - 25","ProductTypes":[{"Id":193,"Name":"SJ-210","Description":"Desc - 309"},{"Id":194,"Name":"SJ-310","Description":"Desc - 310"},{"Id":195,"Name":"Optional Accessories for SJ-210/310","Description":"Desc - 311"},{"Id":196,"Name":"SJ-410","Description":"Desc - 312"}]},{"Id":8,"Name":"Hardness Testing Machines","Description":"Desc - 29","ProductTypes":[{"Id":197,"Name":"Rebound Type Portable Hardness Testing","Description":"Desc - 342"},{"Id":198,"Name":"Hardness Testing Instrument for Sponge, Rubber, and Plastic, HH-300","Description":"Desc - 344"}]},{"Id":5,"Name":"Measurement Data Management","Description":"Desc - 31","ProductTypes":[{"Id":199,"Name":"Input Tool","Description":"Desc - 364"},{"Id":200,"Name":"Digitmatic Mini-Processor DP-1VR","Description":"Desc - 366"},{"Id":201,"Name":"Digimatic Data Cables","Description":"Desc - 368"}]}]}]}