{"TotalRecords":49,"Rows":[{"Id":1036,"Name":"Dial Indicator","ProductCode":"2046-08","Description1":null,"Description2":null,"Resolution":"0.01mm","Range":"10mm","PageNo":null,"Make":"Japan","IsActive":true,"DigitalAnalog":null},{"Id":2729,"Name":"Dial Indicator","ProductCode":"2902S","Description1":null,"Description2":null,"Resolution":"0.01mm","Range":"10mm","PageNo":null,"Make":"Japan","IsActive":true,"DigitalAnalog":null},{"Id":2784,"Name":"Dial Indicator","ProductCode":"2119S-10","Description1":null,"Description2":null,"Resolution":"0.001mm","Range":"5mm","PageNo":"          ","Make":"Japan","IsActive":true,"DigitalAnalog":null},{"Id":2923,"Name":"Dial Indicator","ProductCode":"2310S-10","Description1":null,"Description2":null,"Resolution":"0.01mm","Range":"10mm","PageNo":"D-19      ","Make":"Japan","IsActive":true,"DigitalAnalog":null},{"Id":3099,"Name":"Dial Indicator","ProductCode":"2119SB-10","Description1":null,"Description2":null,"Resolution":"0.001mm","Range":"5mm","PageNo":null,"Make":"Japan","IsActive":true,"DigitalAnalog":null},{"Id":3255,"Name":"Dial Indicator","ProductCode":"2310SB-10","Description1":null,"Description2":null,"Resolution":null,"Range":null,"PageNo":null,"Make":"Japan","IsActive":true,"DigitalAnalog":null},{"Id":3259,"Name":"Dial Indicator","ProductCode":"2046S","Description1":null,"Description2":null,"Resolution":"0.01mm","Range":"10mm","PageNo":"          ","Make":"Japan","IsActive":true,"DigitalAnalog":null},{"Id":3439,"Name":"Dial Indicator","ProductCode":"2044S","Description1":null,"Description2":null,"Resolution":"0.01mm","Range":"5mm","PageNo":null,"Make":"Japan","IsActive":true,"DigitalAnalog":null},{"Id":3530,"Name":"Dial Indicator","ProductCode":"2044SB","Description1":null,"Description2":null,"Resolution":"0.01mm","Range":"5mm","PageNo":null,"Make":"Japan","IsActive":true,"DigitalAnalog":null},{"Id":3575,"Name":"Dial Indicator","ProductCode":"2046SB","Description1":null,"Description2":null,"Resolution":"0.01mm","Range":"10mm","PageNo":null,"Make":"Japan","IsActive":true,"DigitalAnalog":null}]}